Male;Height(cm);Height;Weight;Mean;(data[i]-mean)^2;Variance;StandardDeviation
Male;187.5714232245;73.8470170175;241.8935631804;175.1577829813;154.0984640864;51.5389979476;7.1790666488
Male;174.7060362766;68.7819040459;162.3104725213;;0.2040750852;;
Male;188.2396676952;74.1101053918;212.7408555565;;171.135707667;;
Male;182.1966851444;71.7309784033;220.0424703031;;49.5461436614;;
Male;177.4997614872;69.8817958611;206.3498006239;;5.4848633221;;
Male;170.822659847;67.2530156878;152.2121557571;;18.7932925894;;
Male;174.7141063793;68.7850812517;183.927888604;;0.1968489271;;
Male;173.6052293995;68.3485155116;167.9711104895;;2.4104226245;;
Male;170.2281321438;67.0189496629;175.9294403957;;24.30145738;;
Male;161.1794947051;63.4564939784;156.3996763871;;195.3925431315;;
Male;180.8362709988;71.195382283;186.6049255604;;32.2452261651;;
Male;181.9676450028;71.6408051192;213.7411694894;;46.3742207514;;
Male;164.5064759988;64.7663291334;167.1274610735;;113.4503404347;;
Male;175.9789980456;69.2830700967;189.4461813867;;0.6743941819;;
Male;175.8790798637;69.2437322298;186.4341680212;;0.5202691925;;
Male;171.819874039;67.6456197004;172.1869300581;;11.141636107;;
Male;183.94252423;72.418316626;196.0285063305;;77.1716788073;;
Male;162.4947873316;63.9743257211;172.8834702088;;160.3514588245;;
Male;176.8857521455;69.6400598998;185.9839575731;;2.9858774324;;
Male;172.5574523292;67.936004854;182.4266480132;;6.7617195005;;
Male;172.5042274923;67.9150501938;174.1159290814;;7.0413567335;;
Male;176.3761772647;69.439439868;197.7314216147;;1.4844846299;;
Male;168.0187951807;66.1491319609;149.173566008;;50.9651468173;;
Male;191.0231729801;75.2059736142;228.7617806152;;251.710599813;;
Male;172.4487187;67.8931963386;162.0066518483;;7.33902928;;
Male;173.0858433074;68.1440327982;192.3439765792;;4.2929340122;;
Male;175.4876638294;69.0896314289;184.4351744084;;0.1088213739;;
Male;184.9141425319;72.8008435165;206.8281894204;;95.1865516808;;
Male;171.2499553955;67.4212422817;175.2139223992;;15.2711164402;;
Male;173.9808950065;68.4964153569;154.342638926;;1.3850653052;;
Male;174.2900007975;68.6181105502;187.5068431558;;0.7530459185;;
Male;188.0458713591;74.0338076217;212.9102253255;;166.1028220344;;
Male;181.6816687304;71.5282160356;195.0322432338;;42.5610852676;;
Male;175.717609193;69.1801610996;205.1836213414;;0.3134053873;;
Male;176.7260940081;69.5772023654;204.1641254841;;2.4595994768;;
Male;178.8183593768;70.4009288885;192.9035150746;;13.3998195472;;
Male;175.4534747655;69.0761711675;197.4882425989;;0.0874336312;;
Male;170.6715491381;67.1935232827;183.8109732328;;20.1262940962;;
Male;167.1505817634;65.8073156549;163.8518248786;;64.1152713432;;
Male;163.3326372447;64.3041878916;163.1080171476;;139.8340716927;;
Male;172.6548140171;67.9743362272;172.1355974068;;6.2648536358;;
Male;183.3611419364;72.1894259592;194.0454048981;;67.2950981457;;
Male;165.786677631;65.270345524;168.6177462043;;87.8176154872;;
Male;167.8690505358;66.0901773763;161.1934325966;;53.1256206621;;
Male;171.4762166499;67.5103215157;164.660277264;;13.5539306527;;
Male;178.0661570882;70.1047862552;188.9223031513;;8.4586399457;;
Male;173.3596645599;68.2518364409;187.0605521638;;3.2332298574;;
Male;183.3186811541;72.1727091158;209.0708633903;;66.6002589873;;
Male;175.716838352;69.1798576189;192.014335412;;0.3125429075;;
Male;185.0907147739;72.8703601472;211.3424968196;;98.6631339962;;
Male;164.5477607641;64.782582978;165.6116261823;;112.5725714491;;
Male;178.2662167143;70.1835498875;201.0719180996;;9.6623602721;;
Male;173.9682836424;68.4914502529;173.4239603466;;1.4149086773;;
Male;171.0203104377;67.330830881;181.4076792859;;17.1186790487;;
Male;170.1569979696;66.9909440825;169.7377074003;;25.0078507337;;
Male;168.9088567465;66.4995499002;163.3095283097;;39.0490790879;;
Male;173.6167638819;68.3530566464;189.7102099425;;2.3747398649;;
Male;179.7671260388;70.7744590704;192.1248473462;;21.2460434219;;
Male;180.8884461205;71.2159236695;198.1984641076;;32.8405000153;;
Male;177.8339479867;70.0133653491;209.5264998371;;7.1618591362;;
Male;181.3640828408;71.4031822208;198.7597926599;;38.5181579464;;
Male;176.6620929408;69.5520050948;198.0795236544;;2.2629484542;;
Male;187.4990777768;73.8185345578;195.2906121897;;152.3075572297;;
Male;170.1720821908;66.9968827523;164.943302997;;24.857212372;;
Male;181.4029033685;71.4184658931;179.8639023393;;39.0015286503;;
Male;165.8094225309;65.279300209;155.250420694;;87.3918431114;;
Male;173.4164463445;68.2741914742;184.5193912486;;3.0322532828;;
Male;184.8240396636;72.7653699463;220.6780414653;;93.4365182481;;
Male;172.9724246928;68.0993798003;183.3126553072;;4.7757908493;;
Male;174.9976334234;68.8967060722;196.4513122912;;0.0256478809;;
Male;175.9953553068;69.2895099633;184.5956083003;;0.7015274004;;
Male;179.1289902897;70.5232245235;207.5328385185;;15.7704874862;;
Male;176.9458620753;69.6637252265;177.2009287523;;3.1972268464;;
Male;171.6919827721;67.5952688079;163.1080022094;;12.0117710903;;
Male;184.1706257655;72.5081203801;216.2182301127;;81.2313350519;;
Male;180.9825834337;71.2529856038;204.6554938223;;33.9283003097;;
Male;182.3953346991;71.8091868894;200.9205712195;;52.3821548675;;
Male;183.5027203174;72.2451654793;220.9017698811;;69.6379791438;;
Male;168.9420742587;66.5126276609;196.4498603408;;38.6350349244;;
Male;167.7137463722;66.0290340048;168.640810039;;55.4136810377;;
Male;171.6459710145;67.5771539427;181.4327130081;;12.3328232905;;
Male;173.3462842481;68.2465686016;198.6586733264;;3.2815276605;;
Male;187.5183625866;73.8261270026;237.9167358632;;152.7839281791;;
Male;177.2982594757;69.8024643605;173.0412559092;;4.581639623;;
Male;167.5373275736;65.9595777849;160.6839166399;;58.07134062;;
Male;180.5407046423;71.0790175757;188.6029190707;;28.9758456082;;
Male;169.1543392045;66.5961965372;208.3456940351;;36.0413371813;;
Male;175.1368991357;68.9515350928;193.4351184523;;0.000436135;;
Male;173.3409329524;68.2444617923;174.1096937906;;3.3009440274;;
Male;183.6847358119;72.3168251228;197.3685892493;;72.7089245755;;
Male;182.4111679417;71.8154204495;201.6206667477;;52.6115933842;;
Male;165.7021057778;65.2370495188;181.0119732404;;89.4098313777;;
Male;179.4269464304;70.6405300907;182.1224859787;;18.2257565549;;
Male;164.4190910171;64.7319255973;177.5492634234;;115.3195051011;;
Male;170.4430200033;67.1035511824;164.9745806825;;22.2289899388;;
Male;165.3984116155;65.117484888;165.7171121901;;95.2453294552;;
Male;182.1211344184;71.701234023;193.0941635431;;48.4882632368;;
Male;169.755510643;66.8328782059;180.6838869709;;29.1845464173;;
Male;168.8370391642;66.4712752615;172.7737229284;;39.9518024013;;
Male;176.3052766003;69.4115262206;177.4706162297;;1.3167416057;;
Male;177.9325307852;70.0521774745;200.8187373133;;7.6992253754;;
Male;169.5287558161;66.743604652;167.7397753443;;31.6859468268;;
Male;168.3367959531;66.2743291154;154.3956247792;;46.5258640387;;
Male;173.554257902;68.3284479929;177.9847286039;;2.5712926801;;
Male;177.9927560158;70.0758881952;183.9388569568;;8.0370721064;;
Male;174.5817898977;68.7329881487;179.2047820686;;0.3317680324;;
Male;171.5923702052;67.5560512619;158.5679873854;;12.7121682638;;
Male;168.2842266384;66.2536325348;166.5035316429;;47.2457767991;;
Male;175.7227948087;69.1822026806;171.983677612;;0.3192383651;;
Male;171.7271265517;67.6091049416;174.3641823786;;11.7694035382;;
Male;176.0035545756;69.2927380219;187.7453518634;;0.7153295898;;
Male;173.2043373796;68.1906840077;201.4879623806;;3.815949719;;
Male;181.8819979292;71.6070857989;204.9270121368;;45.2150666656;;
Male;175.7600180762;69.1968575103;178.6855464702;;0.3626871095;;
Male;170.8453808869;67.2619609791;164.014427742;;18.5968118237;;
Male;187.160391236;73.6851934;223.2700044124;;144.0626049158;;
Male;176.6245261185;69.5372150073;202.9583062698;;2.1513354306;;
Male;173.5113619974;68.3115598415;189.3917856099;;2.7107020562;;
Male;172.0569672047;67.7389634664;178.1705555785;;9.6150584807;;
Male;182.1326370068;71.7057626011;223.2993352398;;48.648588677;;
Male;161.6259520937;63.6322646038;167.0287066583;;183.1104471719;;
Male;174.5518440775;68.7211984557;180.4686820119;;0.3671619552;;
Male;170.0513277915;66.9493416502;164.4391456224;;26.0758846054;;
Male;159.2757539277;62.7069897353;149.969618421;;252.2388468606;;
Male;183.5363586659;72.2584089236;192.9102665517;;70.2005305033;;
Male;180.1079787793;70.9086530627;201.8839987006;;24.5044384381;;
Male;171.7290027483;67.6098436017;179.8680259845;;11.7565338861;;
Male;179.8359597475;70.8015589557;196.4677246739;;21.8853378556;;
Male;176.0341133746;69.3047690451;187.5516494914;;0.7679549581;;
Male;168.2569617866;66.2428983412;171.6931596857;;47.6213331606;;
Male;171.4301701623;67.4921929773;191.6996047843;;13.8950973281;;
Male;167.1478706602;65.8062482914;165.8506477849;;64.1586953924;;
Male;181.4670123802;71.4437056615;185.6627413239;;39.8063756081;;
Male;173.8995907886;68.4644058223;178.2818007299;;1.5830475937;;
Male;162.5293284967;63.987924605;150.9790512501;;159.4778626696;;
Male;180.3448201219;71.0018976858;209.9293234305;;26.9053542983;;
Male;173.0748994492;68.1397241926;174.1578043415;;4.3384038083;;
Male;173.7243166302;68.3954002481;179.8789771023;;2.0548257798;;
Male;172.9643981523;68.096219745;167.7471412476;;4.8109370081;;
Male;173.077099504;68.1405903559;183.0446603721;;4.3292437328;;
Male;174.9046293841;68.8600903087;169.5568207822;;0.0640867438;;
Male;168.0180854572;66.1488525422;173.4316726604;;50.9752807358;;
Male;168.1633214146;66.206032053;180.8895546094;;48.9224926078;;
Male;171.2775853453;67.4321202147;183.5089328547;;15.0559336941;;
Male;176.4566093192;69.4711060312;205.9779101657;;1.6869498561;;
Male;179.1102836235;70.5158596943;183.7598451926;;15.6222613268;;
Male;181.1994751416;71.33837604;201.9544954667;;36.5020441598;;
Male;180.3449397092;71.0019447674;216.1200947369;;26.9065949198;;
Male;168.153963174;66.2023477063;159.3903237442;;49.0534918931;;
Male;184.2599998953;72.5433070454;210.3364246619;;82.8503527498;;
Male;171.3975534653;67.479351758;178.61835016;;14.1393260128;;
Male;165.9900428117;65.3504105558;146.7397976358;;84.0474598167;;
Male;179.9439185491;70.8440624209;195.9370149743;;22.9070936732;;
Male;177.6437271586;69.9384752593;170.175853813;;6.1799184528;;
Male;164.4391313268;64.739815483;169.6540541212;;114.8894932901;;
Male;176.0433433162;69.3084028804;198.3786936436;;0.7842171068;;
Male;174.8496956641;68.8384628599;179.907716916;;0.094917795;;
Male;157.3208011;61.9373232677;147.2636865016;;318.1579226353;;
Male;174.2270722592;68.5933355351;176.9842511213;;0.8662224483;;
Male;165.6551819684;65.2185755781;185.4677883732;;90.2994260109;;
Male;163.4074661918;64.333648107;177.4938023389;;138.0699446541;;
Male;174.6222230223;68.7489067017;169.8274774196;;0.2868244697;;
Male;184.123724717;72.4896554004;198.5816982498;;80.3881112083;;
Male;170.7741845325;67.2339309183;203.3503392748;;19.2159353605;;
Male;170.849556302;67.2636048433;193.2176726874;;18.5608171204;;
Male;165.4010008793;65.1185042832;178.1349451788;;95.1947969854;;
Male;168.307562897;66.2628200382;162.7795834047;;46.925515203;;
Male;171.9622663354;67.7016796596;159.2865105989;;10.2113266343;;
Male;166.4479677554;65.5306959667;172.1143119512;;75.860881269;;
Male;177.4671833154;69.8689698092;201.8370425949;;5.333329903;;
Male;173.9439634263;68.4818753647;170.3523295506;;1.473357912;;
Male;183.4234668981;72.2139633457;205.3897607086;;68.3215306121;;
Male;173.176013043;68.1795326941;169.7877680759;;3.9274120883;;
Male;182.832264619;71.9812065429;200.4373105287;;58.8976684069;;
Male;167.8054473011;66.0651367327;178.5889540372;;54.056839955;;
Male;169.3066569913;66.6561641698;168.0140297383;;34.2356753509;;
Male;171.7025374561;67.5994241953;177.7664258399;;11.9387216397;;
Male;173.3446979983;68.2459440938;193.2776239995;;3.2872771558;;
Male;164.6138984594;64.8086214407;162.3795406396;;111.1735008116;;
Male;171.4302344053;67.4922182698;183.3838243915;;13.8946183865;;
Male;173.1790559955;68.1807307069;181.0560952854;;3.9153604842;;
Male;176.6655976534;69.5533849029;210.8717989571;;2.2735050853;;
Male;168.6617141577;66.4022496684;165.568499073;;42.1989101605;;
Male;169.1440790713;66.5921571147;196.1484498462;;36.1646347167;;
Male;182.7171519203;71.9358865828;202.0464251519;;57.1440587561;;
Male;173.4490859889;68.2870417279;170.4136024964;;2.919645412;;
Male;177.6868460358;69.9554511952;201.9480852966;;6.3961599337;;
Male;182.5018680293;71.8511291454;193.3869845528;;53.9355851925;;
Male;167.0189665474;65.7554986407;179.8556896152;;66.2403329451;;
Male;170.2609042807;67.031852079;156.4899349982;;23.9794210088;;
Male;194.8429805391;76.7098348579;235.03541882;;387.5070028883;;
Male;184.3306482831;72.5711213713;230.5605349597;;84.141457845;;
Male;177.1111644394;69.7288048974;203.8956549864;;3.8156991208;;
Male;184.9100289717;72.7992240046;218.216396639;;95.106301857;;
Male;184.2499593426;72.5393540719;222.6671779215;;82.6676709855;;
Male;183.6286481964;72.2947433844;208.4748658906;;71.755557492;;
Male;170.8234450324;67.2533248159;180.7797800138;;18.7864854554;;
Male;192.898929355;75.944460376;231.9247485091;;314.7482746545;;
Male;168.4432290735;66.3162319187;170.5938581045;;45.0852341808;;
Male;180.7363758646;71.15605349;188.2714562883;;31.1206985576;;
Male;180.8281938087;71.1922022869;196.0615291634;;32.1535589518;;
Male;183.3816804983;72.1975120072;214.6035841704;;67.6324903699;;
Male;190.8576864421;75.1408214339;224.1242713296;;246.4869686786;;
Male;163.6052845736;64.4115293597;158.5793973234;;133.460219459;;
Male;164.4254378696;64.7344243581;166.5011147453;;115.1832315972;;
Male;161.0730513305;63.414587138;160.1406156224;;198.3796656745;;
Male;172.3356096933;67.8486652336;176.1726342546;;7.9646620673;;
Male;167.4667334652;65.9317848288;174.4852946665;;59.1522426598;;
Male;180.2550381082;70.9665504363;193.9064987989;;25.9820098287;;
Male;171.6550980843;67.5807472773;186.9916067068;;12.2688014874;;
Male;174.2167469123;68.5892704379;173.5957960995;;0.8855488832;;
Male;178.6248737483;70.3247534442;193.346560304;;12.0207183864;;
Male;183.881980229;72.3944804051;208.4365090382;;76.111617616;;
Male;179.8849760548;70.8208567145;206.0329778008;;22.3463543544;;
Male;167.3943852029;65.903301261;172.5752309571;;60.270345065;;
Male;189.9802525554;74.7953750218;232.6354028474;;219.7056042743;;
Male;171.9095343471;67.6809190343;177.2401454954;;10.5511191894;;
Male;170.5761454325;67.1559627687;175.6466902142;;20.9914026286;;
Male;182.308096711;71.7748412248;212.6261022886;;51.126986433;;
Male;164.2496891403;64.665231945;166.9692040097;;118.9865112441;;
Male;173.0318316405;68.1227683624;196.4144152751;;4.5196691035;;
Male;169.6387951883;66.7869272395;165.4312422256;;30.459226259;;
Male;169.6868585852;66.8058498367;176.5658185577;;29.9310137476;;
Male;172.4304750469;67.886013798;174.6520347158;;7.4382085689;;
Male;175.7008853748;69.1735769192;195.2375293011;;0.2949602098;;
Male;178.3713052491;70.2249233264;205.6844383963;;10.3267253654;;
Male;164.7337299111;64.8557991776;158.3414423605;;108.6608824103;;
Male;172.2655769096;67.8210932715;169.0810082739;;8.3648559611;;
Male;161.1382285664;63.4402474671;135.6558758658;;196.5479059914;;
Male;182.4950245137;71.8484348479;218.1574694507;;53.8351133043;;
Male;169.4893070636;66.7280736471;155.899541329;;32.1316192292;;
Male;182.7994963563;71.9683056521;201.5281774305;;58.3957833062;;
Male;193.0942225893;76.0213474761;235.9260606487;;321.7158658112;;
Male;181.5492972578;71.4761012826;195.3926175775;;40.8514547468;;
Male;171.119313958;67.3698086449;176.6361635674;;16.3092320518;;
Male;179.2103191491;70.5552437595;198.4602486001;;16.4230493916;;
Male;177.4624372548;69.8671012814;185.7169100237;;5.3114313202;;
Male;172.5868279072;67.9475700422;177.3477798185;;6.6098099931;;
Male;188.2255795138;74.1045588637;215.7597035238;;170.7673062148;;
Male;175.6863042007;69.1678362995;187.0224203016;;0.2793346794;;
Male;169.0553605747;66.5572285727;171.5878843169;;37.2395592291;;
Male;169.4220766749;66.7016049901;172.8398090781;;32.8983268338;;
Male;170.8050049842;67.2460649544;168.2802868939;;18.9466762922;;
Male;175.3905191319;69.051385485;163.8204889278;;0.0541661158;;
Male;179.5087778288;70.6727471767;190.0234341805;;18.9311561631;;
Male;166.3674476084;65.4989951214;156.8699516687;;77.2699959688;;
Male;165.5755409681;65.1872208536;172.6064825596;;91.8193619987;;
Male;171.6230832355;67.5681430061;169.0639829949;;12.494102293;;
Male;187.491079648;73.8153856882;231.3745081172;;152.1102066695;;
Male;181.8806730893;71.6065642084;207.2504767517;;45.1972514047;;
Male;172.0208630592;67.7247492359;172.152772178;;9.8402665978;;
Male;173.3070751586;68.2311319522;199.8277580228;;3.425119445;;
Male;167.4607311437;65.9294217101;168.0904122158;;59.2446069914;;
Male;181.7331791026;71.5484957097;197.8196148333;;43.2358341525;;
Male;175.6775280499;69.164381122;196.8923150407;;0.2701349363;;
Male;174.238054683;68.597659324;180.2217801023;;0.8459001428;;
Male;180.4860776499;71.0575108858;189.1340124359;;28.3907240758;;
Male;161.655911337;63.6440595815;158.42271732;;182.3005378989;;
Male;180.8034367048;71.1824553956;208.9226826559;;31.8734059659;;
Male;167.9668298513;66.1286731698;187.1411194534;;51.709806918;;
Male;165.2457277124;65.0573731151;157.5824315352;;98.2488396546;;
Male;172.9520908714;68.0913743588;181.6444449839;;4.8650776839;;
Male;180.3225855035;70.993143899;204.7466781748;;26.6751850929;;
Male;188.5217841891;74.2211748776;231.1301897593;;178.5965282822;;
Male;176.0908801762;69.3271181796;186.2584296144;;0.8706703751;;
Male;164.925609173;64.9313421941;181.0938696389;;104.697380843;;
Male;173.6009794788;68.3468423145;198.9209796678;;2.4236371453;;
Male;180.1599777146;70.9291250845;203.3704632159;;25.0219521502;;
Male;156.1536353721;61.4778092016;161.0287521419;;361.1576263536;;
Male;173.966664305;68.4908127185;189.8066818422;;1.4187637011;;
Male;183.0067202718;72.0498898708;200.2028285066;;61.6058165907;;
Male;184.2050342455;72.5216670258;221.8626503085;;81.8527554381;;
Male;180.934134939;71.2339113933;214.0601482209;;33.366241939;;
Male;183.5381525732;72.2591151863;201.7014216174;;70.2305944969;;
Male;171.6152013577;67.5650399046;187.1870936322;;12.54988456;;
Male;183.5597217673;72.267606995;196.5274668959;;70.5925753637;;
Male;159.0046299139;62.6002479976;151.7207037293;;260.9243540187;;
Male;168.2405507212;66.2364372918;167.2975302511;;47.8481021406;;
Male;176.9121110275;69.6504374124;198.8436959646;;3.0776668937;;
Male;175.9862403717;69.2859214062;178.7895479819;;0.6863416478;;
Male;179.642207993;70.7252787374;193.539252116;;20.1100676855;;
Male;174.8246819984;68.82861496;197.7379050223;;0.1109562648;;
Male;167.6766477131;66.0144282335;184.461811521;;55.9673849013;;
Male;168.6938004334;66.4148820604;155.1947716869;;41.7830703793;;
Male;169.2036859549;66.6156243917;160.9919898712;;35.4512713996;;
Male;172.8084473265;68.0348217821;189.0844617351;;5.5193780188;;
Male;179.076091032;70.5023980441;172.9857771462;;15.3531379803;;
Male;175.6606329125;69.1577294931;195.8952568572;;0.2528580533;;
Male;179.8193574385;70.7950226136;215.7464553052;;21.7302764204;;
Male;165.5937178932;65.1943771233;166.7073730594;;91.4713410098;;
Male;189.9557143705;74.7857143191;239.4643429027;;218.9787733999;;
Male;180.5099419415;71.0669062762;184.2792458331;;28.6456055358;;
Male;176.1088623764;69.334197786;199.9838909065;;0.9045520159;;
Male;177.5439780345;69.8992039506;191.4122311327;;5.693926832;;
Male;163.6399922312;64.4251937918;169.1094014178;;132.6595037637;;
Male;172.3444119744;67.8521306986;194.744522494;;7.9150564222;;
Male;171.5746364995;67.549069488;183.2665331179;;12.8389387099;;
Male;189.909314986;74.7674468449;210.3699087098;;217.607696487;;
Male;181.4041228055;71.4189459864;198.0424838899;;39.0167611988;;
Male;170.4856747409;67.1203443862;172.6640903751;;21.8285954096;;
Male;177.4433532965;69.859587912;197.0708561579;;5.2238316656;;
Male;173.8142660142;68.4308133914;190.5058100396;;1.805037841;;
Male;172.5510458218;67.933482607;184.5554831053;;6.7950786188;;
Male;173.9781716145;68.4953431553;179.9298166479;;1.3914829768;;
Male;165.7201242632;65.2441434107;159.5032197654;;89.0694020797;;
Male;178.2707941994;70.185352047;197.8845070712;;9.6908388439;;
Male;180.6044982378;71.1041331645;217.2696051983;;29.6667070857;;
Male;173.8568494995;68.4475785431;187.9074259866;;1.6924279241;;
Male;166.1682651332;65.4205768241;176.8616842379;;80.8114311411;;
Male;171.9600018088;67.7007881137;185.1482021018;;10.2258044272;;
Male;188.5265801777;74.2230630621;223.3080403045;;178.7247384794;;
Male;180.7648045121;71.1672458709;206.9429817761;;31.4386904467;;
Male;170.7661606006;67.23077189;171.016940601;;19.2863471347;;
Male;172.416620352;67.8805591937;175.2228479654;;7.5139725603;;
Male;171.13599369;67.3763754685;173.3103955519;;16.1747891037;;
Male;174.6535671997;68.761246929;181.125973502;;0.2542335545;;
Male;182.1313921525;71.705272501;202.609008338;;48.6312248732;;
Male;176.2277267735;69.3809947927;199.8509200488;;1.1447797184;;
Male;187.2399801909;73.7165276342;223.5147223443;;145.9794894109;;
Male;176.4115755678;69.4533762078;219.2617066668;;1.57199585;;
Male;179.7971761159;70.7862898094;211.2160809235;;21.5239686572;;
Male;182.2918978917;71.7684637369;200.7989829674;;50.8955955552;;
Male;176.1323730548;69.3434539586;208.8097753376;;0.9498258115;;
Male;165.8265047918;65.2860255086;161.4200816585;;87.072752649;;
Male;180.1414848111;70.9218444138;207.8359445618;;24.8372839279;;
Male;174.2355232235;68.5966626864;180.8312377555;;0.8505630609;;
Male;174.2536429396;68.6037964329;176.8154762097;;0.8174692151;;
Male;176.4760100643;69.4787441198;194.6037685027;;1.7377226423;;
Male;167.4644763861;65.930896215;163.0084316533;;59.1869663677;;
Male;174.0492970569;68.523345298;173.2706571548;;1.2287410445;;
Male;187.7799752805;73.9291241262;215.6200354272;;159.3197384392;;
Male;180.8427620684;71.1979378222;210.134529042;;32.3189872206;;
Male;169.0537306574;66.556586873;185.042324085;;37.2594547727;;
Male;182.2253816222;71.7422762292;187.9653553595;;49.9509505484;;
Male;177.1518665025;69.7448293317;188.1811248482;;3.9763690896;;
Male;169.5466614793;66.7506541257;179.5420171432;;31.4846845105;;
Male;177.0187525333;69.6924222572;211.7184289617;;3.4632076734;;
Male;178.8249327502;70.4035168308;197.6921420835;;13.4479874278;;
Male;175.3101297191;69.0197361099;186.287991991;;0.0232095285;;
Male;164.4200093745;64.7322871553;166.1060724374;;115.2997820317;;
Male;180.3351090799;70.9980744409;188.8117699769;;26.8047055311;;
Male;163.7279282029;64.4598142531;161.378773212;;130.6415802559;;
Male;177.1637873608;69.749522583;193.4762588312;;4.0240535707;;
Male;181.678195983;71.5268488122;189.2822460998;;42.5157857126;;
Male;173.5529062946;68.327915864;207.784924645;;2.5756291796;;
Male;179.7423892168;70.7647201641;199.3230942593;;21.0186143347;;
Male;181.4043860709;71.4190496342;209.8582566047;;39.0200501586;;
Male;176.251804201;69.3904740949;180.1754727639;;1.1968824293;;
Male;182.8843998332;72.0017322178;196.2144144814;;59.7006079763;;
Male;175.7463464322;69.1914749733;189.4388403515;;0.3464069357;;
Male;168.0625627393;66.1663632832;165.5146074331;;50.3421502821;;
Male;170.8712432078;67.2721429952;182.3943346924;;18.3744232297;;
Male;180.1262219249;70.9158354035;189.5576374601;;24.6853855362;;
Male;175.5645149858;69.1198877897;189.6259140763;;0.1654309235;;
Male;171.2189257131;67.4090258713;170.1913254292;;15.5145965792;;
Male;185.2641685621;72.9386490402;216.0974547198;;102.139029508;;
Male;179.0469588878;70.490928696;177.0677743508;;15.125689232;;
Male;175.2809790332;69.0082594619;196.051188755;;0.0151772672;;
Male;169.5757591907;66.7621099176;167.7004962313;;31.1589895988;;
Male;175.5664858729;69.1206637295;179.6078700511;;0.1670380536;;
Male;185.7407186573;73.1262671879;220.6614050938;;111.9985275216;;
Male;171.4165326943;67.4868238954;164.2952412526;;13.9969537099;;
Male;164.9858989709;64.955078335;156.5447863495;;103.467224321;;
Male;172.1675222505;67.782489075;183.6810290381;;8.9416592382;;
Male;171.8624929418;67.662398796;170.3054934905;;10.8589364442;;
Male;168.8500483965;66.4763970065;168.6272639128;;39.7875155922;;
Male;185.3871583105;72.987070201;209.6379744894;;104.6401196265;;
Male;176.6906099841;69.5632322772;195.3460269704;;2.3495586205;;
Male;180.3490427543;71.0035601395;194.3226013602;;26.9491780311;;
Male;177.5857188997;69.9156373621;219.3679167472;;5.894872824;;
Male;182.1107401415;71.697141788;205.1617482864;;48.3436132719;;
Male;171.8308497781;67.6499408575;178.8826336657;;11.0684845389;;
Male;173.4707085938;68.2955545645;181.7249314658;;2.8462199889;;
Male;174.4656294112;68.6872556737;203.5603338361;;0.4790765646;;
Male;175.0460599791;68.9157716453;165.1558986834;;0.0124820292;;
Male;175.1606343689;68.9608796728;197.9314295503;;8.13041131401389E-006;;
Male;170.8079774187;67.2472352042;173.2840330133;;18.9208084327;;
Male;175.0462936484;68.9158636411;183.9477889;;0.0124298714;;
Male;167.2299030391;65.8385445036;139.5340469401;;62.8512803772;;
Male;164.2645318914;64.6710755478;160.1885313441;;118.6629193073;;
Male;168.3915802179;66.2958977236;163.6040021919;;45.7814998348;;
Male;170.4278677979;67.0975857472;193.9551074438;;22.3720976423;;
Male;170.1756559213;66.9982897328;189.8933424944;;24.8215900419;;
Male;180.2434060926;70.9619709026;184.2239320437;;25.8635624302;;
Male;173.7890154002;68.4208722048;190.7955421696;;1.8735246911;;
Male;171.83742007;67.6525275866;188.2006793809;;11.024809863;;
Male;192.0752906221;75.6201931583;226.2077798694;;286.2020647759;;
Male;179.1950747364;70.5492420222;197.8793731049;;16.2997247157;;
Male;174.9827308296;68.8908389093;190.5134869036;;0.0306432558;;
Male;173.4427110755;68.2845319195;176.2465834363;;2.941471642;;
Male;165.0874987784;64.9950782592;177.7270944984;;101.4106239278;;
Male;166.5624597185;65.5757715427;173.6915921942;;73.8795819928;;
Male;176.0374641304;69.3060882403;210.4636875406;;0.773838924;;
Male;166.8899771724;65.7047154222;170.1005633182;;68.3566128939;;
Male;172.2221371662;67.8039910103;173.459891806;;8.6180163519;;
Male;175.8090141722;69.2161473119;184.9366903226;;0.424102064;;
Male;172.7581152626;68.0150060089;194.2869459473;;5.7584051601;;
Male;157.2944503162;61.9269489434;149.1496848377;;319.0986539027;;
Male;170.8565612976;67.2663627156;192.4707695606;;18.5005079721;;
Male;171.8991275089;67.6768218539;179.7508079824;;10.6188354878;;
Male;177.7260951846;69.970903616;202.8632930321;;6.5962275738;;
Male;165.8961923037;65.3134615369;163.3573315189;;85.7770618789;;
Male;182.6412538191;71.9060054406;217.0277146437;;56.0023357806;;
Male;168.2341162672;66.2339040422;183.1612324557;;47.9371607681;;
Male;167.1699547735;65.8149428242;166.5836105075;;63.8053994778;;
Male;185.0261675517;72.844947855;205.2508891511;;97.3850140293;;
Male;180.2115863696;70.9494434526;189.703088824;;25.5409286876;;
Male;181.2132713744;71.3438076277;218.5863363974;;36.6689396785;;
Male;180.4813869613;71.055664158;203.1394330256;;28.3407593361;;
Male;157.2908901288;61.9255472948;139.9050703154;;319.225860203;;
Male;174.6566421971;68.7624575579;196.2938058749;;0.2511420856;;
Male;171.663211221;67.5839414256;179.9370111672;;12.2120317877;;
Male;171.098704459;67.3616946689;164.1459223974;;16.4761184501;;
Male;167.333057653;65.8791565563;168.1748643707;;61.2263264633;;
Male;174.4846958638;68.6947621511;189.7425419036;;0.4530462678;;
Male;176.6185483461;69.5348615536;195.1703914989;;2.1338354511;;
Male;169.2521147039;66.6346908283;190.4679587792;;34.8769178029;;
Male;177.3171499972;69.8099015737;204.426598301;;4.6628659093;;
Male;174.4468791607;68.6798736853;196.1516228236;;0.5053842422;;
Male;181.9025540258;71.6151787503;209.6707738792;;45.4919364422;;
Male;177.0120801471;69.6897953335;190.9334004899;;3.4384179791;;
Male;180.0887593679;70.9010863653;197.9448323621;;24.3145281248;;
Male;172.7347675404;68.0058139923;186.7803378496;;5.8710038266;;
Male;179.3639897051;70.6157439784;188.6638321178;;17.6921750036;;
Male;181.7908331603;71.5711941576;176.3766427661;;43.9973546772;;
Male;185.452672688;73.012863263;209.3294833694;;105.9847540735;;
Male;154.3002193835;60.7481178675;136.1678657242;;435.0379592384;;
Male;175.4685838488;69.0821196255;190.935182501;;0.0965971792;;
Male;176.1203935751;69.338737628;191.445654281;;0.9266191553;;
Male;172.1031297875;67.7571377116;184.9382299108;;9.3309061346;;
Male;193.1087879323;76.0270818631;232.3134709695;;322.2385787499;;
Male;183.4581450467;72.2276161601;201.7788539504;;68.896010416;;
Male;175.0594450163;68.921041345;188.3288070615;;0.0096703554;;
Male;165.9507163092;65.3349276808;174.6556972502;;84.7700767039;;
Male;167.4683047676;65.9324034518;183.9433387552;;59.1280751994;;
Male;178.9853908479;70.4666893102;187.5174420175;;14.6505819805;;
Male;185.8798507976;73.1810436211;213.8474528722;;114.9627382572;;
Male;174.1192344037;68.5508796865;175.2195187957;;1.078583148;;
Male;174.0646969558;68.5294082503;169.5448054454;;1.1948370592;;
Male;161.5349967681;63.5964554205;144.5919224212;;185.5803042114;;
Male;170.5463727186;67.1442412278;175.6791901767;;21.2651046108;;
Male;179.8735813644;70.8163706159;197.1984015611;;22.2387543899;;
Male;186.7669234118;73.5302848078;222.9259166993;;134.7721415353;;
Male;167.9983150553;66.1410689194;165.4045453377;;51.2579809838;;
Male;172.4833983609;67.9068497484;170.4172312133;;7.1523330976;;
Male;181.4407745869;71.4333758216;216.6339996877;;39.4759835156;;
Male;170.4662066869;67.112679798;173.7075042367;;22.010888126;;
Male;186.1411516326;73.2839179656;217.8960397423;;120.6343869309;;
Male;161.7283612114;63.6725831541;161.0131458389;;180.3493690735;;
Male;175.8323135656;69.2253203014;193.7563257989;;0.4549915091;;
Male;176.9621150232;69.6701240249;177.1191607254;;3.2556141176;;
Male;179.0330383409;70.4854481657;204.8274497379;;15.0176041019;;
Male;175.2718817814;69.0046778667;176.7318924789;;0.0130185362;;
Male;173.8830507806;68.4578940081;192.761885655;;1.6249421836;;
Male;167.7028238076;66.0247337825;166.9610204734;;55.5764162823;;
Male;176.0681495783;69.3181691253;186.7379955483;;0.8287673409;;
Male;175.4574610343;69.0777405647;188.5061787107;;0.0898069355;;
Male;186.8481667317;73.5622703668;208.3614918129;;136.665072231;;
Male;167.862729772;66.0876888866;161.495814308;;53.217801327;;
Male;186.7560002063;73.5259843332;214.9664591998;;134.5186427989;;
Male;176.9848129479;69.6790602157;205.1334354987;;3.3380384988;;
Male;169.3590240369;66.6767811169;183.19730684;;33.625605295;;
Male;185.322630288;72.9616654677;208.8950442859;;103.3241207677;;
Male;173.347055247;68.2468721445;207.9255765452;;3.2787349277;;
Male;182.7698297573;71.9566258887;210.6638278121;;57.94325612;;
Male;180.4889287067;71.0586333491;204.2728377454;;28.4211147456;;
Male;170.1214528687;66.9769499483;195.1987301073;;25.3646210033;;
Male;173.9341252723;68.4780020757;190.6860225301;;1.4973381888;;
Male;181.0624811339;71.2844413913;199.6353265785;;34.8654602733;;
Male;165.0503589791;64.980456291;166.8215473459;;102.1600199594;;
Male;169.5751850384;66.7618838734;178.7975089751;;31.1653997917;;
Male;174.6660507787;68.7661617239;185.7721575059;;0.2418005591;;
Male;175.2410606607;68.9925435672;193.7549909361;;0.0069351719;;
Male;181.0897942728;71.2951945956;228.8005160941;;35.1887579628;;
Male;175.385675137;69.0494784004;192.3497017124;;0.0519348346;;
Male;169.0153643214;66.5414820163;175.9834911376;;37.7293069935;;
Male;174.0294295506;68.5155234451;176.1412391639;;1.2731814647;;
Male;171.3476768955;67.4597153132;177.4825249084;;14.5169083848;;
Male;181.2477513283;71.3573824127;201.7607768827;;37.087714467;;
Male;174.2196313459;68.5904060417;176.8430799262;;0.880128491;;
Male;177.1296602355;69.7360867069;185.5242603516;;3.8882999057;;
Male;177.3779969502;69.833857067;188.0410290206;;4.9293500676;;
Male;183.9228878398;72.4105857637;189.3844382925;;76.8270631805;;
Male;166.2038760445;65.4345968679;166.0967440205;;80.1724494335;;
Male;168.3198481963;66.2676567702;170.2501786536;;46.7573521238;;
Male;177.7347242182;69.9743008733;212.80425896;;6.6406261383;;
Male;180.8713533282;71.2091942237;196.1455062085;;32.644886109;;
Male;177.640996489;69.9374001925;202.2790696793;;6.1663493246;;
Male;181.3204963702;71.386022193;201.332006891;;37.979036314;;
Male;164.0555054415;64.5887816699;158.4540944464;;123.2605665697;;
Male;174.7341804164;68.7929844159;174.4894862641;;0.179439133;;
Male;173.8521966894;68.4457467281;183.7833826853;;1.7045555657;;
Male;175.7720084301;69.2015781221;188.1035061127;;0.377272902;;
Male;176.3420839646;69.4260173089;176.1934298238;;1.4025688191;;
Male;176.7998120116;69.6062252014;194.2007118759;;2.6962593362;;
Male;185.1195357117;72.8817069731;194.1995088714;;99.2365174611;;
Male;157.9329613034;62.1783312218;145.8988423738;;296.6944818364;;
Male;174.9417548151;68.8747066201;191.8337091737;;0.0466681686;;
Male;180.5434122388;71.0800835586;209.8535536407;;29.0050024997;;
Male;183.3436366691;72.1825341217;201.2614643916;;67.0082005984;;
Male;183.0393976441;72.062754978;208.7818533875;;62.1198496932;;
Male;171.1453470492;67.3800578934;182.6734053877;;16.0996421089;;
Male;172.5539717138;67.934634533;166.435068827;;6.7798331167;;
Male;179.8369028586;70.8019302593;193.3935426145;;21.8941628263;;
Male;166.4947680306;65.5491212719;178.4481797342;;75.0478280356;;
Male;178.285710183;70.1912244815;205.9417906715;;9.7839285792;;
Male;182.3186482355;71.7789953683;199.2098424412;;51.2779911886;;
Male;173.0509325746;68.1302884152;192.0295665716;;4.4388186362;;
Male;173.6330857095;68.3594825628;175.2608644294;;2.3247017706;;
Male;167.8695068135;66.0903570132;170.0064451045;;53.1189694977;;
Male;181.8135127726;71.5801231388;205.3475962061;;44.2987390542;;
Male;186.7831360162;73.5366677229;196.0432950717;;135.1488331853;;
Male;180.6334508769;71.1155318413;208.1452566457;;29.9829389029;;
Male;179.8175284663;70.7943025458;202.8907578257;;21.7132279853;;
Male;182.1918136311;71.7290604847;188.595023951;;49.4775871829;;
Male;160.5191871383;63.1965303694;162.4297274487;;214.2884882554;;
Male;172.9768280591;68.1011134091;182.8523990973;;4.7565643726;;
Male;167.2744933122;65.8560997292;157.3174613643;;62.1462560074;;
Male;173.5999995136;68.3464565014;178.6759920675;;2.4266893324;;
Male;176.6829814822;69.56022893;187.2174859317;;2.3262304671;;
Male;174.5698923449;68.7283040728;171.6209665705;;0.3456154004;;
Male;178.2020252363;70.1582776521;200.5341783042;;9.2674109073;;
Male;175.0652751009;68.9233366539;193.9273604102;;0.0085577079;;
Male;163.3224424629;64.300174198;155.4897289646;;140.075285186;;
Male;178.9573079617;70.4556330558;192.5279049595;;14.4363900769;;
Male;174.3051205034;68.6240631903;159.8624674006;;0.7270333013;;
Male;176.9484694313;69.6647517446;176.2592743978;;3.2065579622;;
Male;175.4095667329;69.0588845405;171.7089262736;;0.0633950576;;
Male;170.7565450123;67.2269862253;181.7096189322;;19.3708956601;;
Male;167.9341312253;66.115799695;171.386659244;;52.181144692;;
Male;174.2881638581;68.6173873457;179.1320245979;;0.7562374195;;
Male;175.8924925463;69.2490128135;187.4693713912;;0.5397981449;;
Male;176.8904417063;69.6419061836;182.0045223025;;3.0021062575;;
Male;184.904452027;72.7970283571;214.474035549;;94.9975574871;;
Male;190.6117474834;75.0439950722;208.5264269755;;238.8250188318;;
Male;180.2706176925;70.9726841309;190.221992861;;26.1410787839;;
Male;188.94555156;74.3880124252;217.1437904933;;190.10256238;;
Male;163.4798962341;64.3621638717;156.0738985152;;136.37303888;;
Male;181.1705827084;71.3270010663;206.3851911448;;36.1537605582;;
Male;170.6169420829;67.1720244421;178.1527814335;;20.6192360643;;
Male;188.9802465887;74.4016718853;228.8383958011;;191.0605001768;;
Male;162.2245192374;63.8679209596;174.4733628929;;167.2693110697;;
Male;174.9704190879;68.8859917669;164.2149025819;;0.0351052285;;
Male;183.21525517;72.1319902244;212.1572757001;;64.9228580713;;
Male;173.74546447;68.4037261693;206.0149398081;;1.9946435773;;
Male;165.3353472354;65.0926563919;167.4335329845;;96.4802439818;;
Male;175.8433849544;69.2296791159;195.2186396961;;0.4700500655;;
Male;182.7473821928;71.9477882649;209.175489088;;57.6020161919;;
Male;171.3559962647;67.4629906554;182.3012855847;;14.4535822384;;
Male;176.0547879514;69.3129086423;190.185146912;;0.8046179165;;
Male;161.876862346;63.7310481677;160.3449038744;;176.3828529223;;
Male;154.1267362031;60.6798174028;129.3010237667;;442.3049285863;;
Male;179.4848406161;70.6633230772;195.6263190575;;18.7234277748;;
Male;171.688839059;67.5940311256;186.7514169415;;12.0335719359;;
Male;189.6097500236;74.6495078833;227.5006450683;;208.8593513912;;
Male;178.9863802892;70.467078854;197.1875320313;;14.6581573458;;
Male;182.737786719;71.9440105193;209.5562827193;;57.4564566639;;
Male;188.0254070582;74.0257508103;209.7592720668;;165.5757493834;;
Male;179.786859532;70.7822281622;220.4367863795;;21.4283497121;;
Male;164.4072326809;64.727256961;169.207936994;;115.5743317606;;
Male;173.6928811637;68.3830240802;185.8456167799;;2.1459373352;;
Male;181.5318208378;71.4692208023;192.6914931169;;40.6283585966;;
Male;170.0389124935;66.9444537376;177.0260877819;;26.2028350708;;
Male;179.8243266707;70.7969790042;199.9473830589;;21.7766300048;;
Male;165.8427843409;65.2924347799;168.7102902502;;86.7691996698;;
Male;156.8551849657;61.754009829;123.5281430202;;334.9850941221;;
Male;158.7009051249;62.480671309;160.2422382087;;270.8288287818;;
Male;172.2264268703;67.8056798702;197.0826110422;;8.5928486495;;
Male;176.5960254707;69.5259942798;161.9709375533;;2.0685414583;;
Male;184.1519218501;72.5007566339;201.6550559382;;80.8945339914;;
Male;179.0326486508;70.4852947444;194.7861983251;;15.0145839565;;
Male;169.3919294227;66.6897359932;162.5654067339;;33.2450672589;;
Male;181.0814706626;71.2919175837;175.8109677131;;35.0900757456;;
Male;182.3637886829;71.796767198;209.3793101858;;51.9265181718;;
Male;185.5631143963;73.0563442505;204.4603316173;;108.2709218554;;
Male;174.8875200955;68.8533543683;210.8690841789;;0.0730420275;;
Male;167.7554273981;66.0454438575;169.3262841918;;54.7948681809;;
Male;187.9241895956;73.9859014156;223.3261049504;;162.9811378423;;
Male;175.8991094104;69.2516178781;192.9468910789;;0.5495648744;;
Male;176.1252693266;69.3406572152;172.9048014476;;0.9360298284;;
Male;180.2797130157;70.9762649668;191.5721535555;;26.234167277;;
Male;161.445645168;63.5612776252;157.1195444595;;188.0227234107;;
Male;177.2161834181;69.770150952;182.7954943218;;4.2370123581;;
Male;165.578733008;65.1884775622;151.8869422497;;91.7581983912;;
Male;177.7465096825;69.9789408199;193.341082818;;6.7015059337;;
Male;177.1665167656;69.7505971518;185.4279701391;;4.0350114161;;
Male;180.7754351271;71.1714311524;195.3823107605;;31.5580156312;;
Male;179.2528845286;70.5720017829;174.1968873014;;16.7698566824;;
Male;166.7537673785;65.6510895191;164.64981394;;70.6274782519;;
Male;170.5315719138;67.1384141393;163.8450013286;;21.4018288409;;
Male;167.4319408322;65.9180869418;174.7199581056;;59.6886369132;;
Male;187.4180565665;73.7866364435;212.9005559954;;150.3143083837;;
Male;172.0526184049;67.7372513405;172.7942606111;;9.6420470467;;
Male;166.4819536839;65.5440762535;171.9803312611;;75.2700139978;;
Male;180.8833379169;71.2139125657;195.9234164984;;32.7819793203;;
Male;166.6045792357;65.5923540298;174.8153485131;;73.1572943139;;
Male;166.795588381;65.6675544807;174.5668558417;;69.9262985337;;
Male;157.4107491316;61.9727358786;140.277749662;;314.9572104608;;
Male;187.7058442635;73.8999386864;215.5597032519;;157.4538419407;;
Male;183.7491464507;72.342183642;215.8582339014;;73.811526263;;
Male;178.5917036259;70.3116943409;184.2438603485;;11.7918109933;;
Male;170.4735334609;67.1155643547;168.2021671276;;21.942193569;;
Male;167.4685036816;65.9324817644;151.384618198;;59.1250161492;;
Male;170.7584723528;67.2277450208;185.9701608516;;19.3539340058;;
Male;178.0904328187;70.1143436294;203.2417318027;;8.6004350687;;
Male;190.097409288;74.8414997197;223.945670278;;223.192434185;;
Male;163.8993486688;64.5273026255;148.4721858535;;126.7523431696;;
Male;177.9301869141;70.0512546906;207.1946472946;;7.6862235667;;
Male;182.4562486893;71.8331687753;205.1930617608;;53.2676016903;;
Male;185.0053188238;72.8367396944;209.4224842752;;96.9739621688;;
Male;186.1867389966;73.3018657467;199.1669286789;;121.6378707878;;
Male;168.6387088164;66.3931924474;165.0646095455;;42.4983279675;;
Male;168.9485113789;66.5151619602;180.7605348232;;38.5550538323;;
Male;175.9529440253;69.2728126084;202.2987601517;;0.632281086;;
Male;173.3091629764;68.2319539277;195.2619902961;;3.4173959227;;
Male;178.8512273471;70.4138690343;184.2326617449;;13.6415312834;;
Male;177.1062884212;69.7268852052;188.4537596712;;3.7966734494;;
Male;166.3972640821;65.5107338906;157.2050253022;;76.7466913828;;
Male;175.6086641668;69.137269357;196.5523243152;;0.2032938434;;
Male;187.1121195421;73.6661887961;208.3661793286;;142.9061626087;;
Male;167.3675914155;65.8927525258;158.184985697;;60.6870846314;;
Male;173.6202495541;68.3544289583;184.5984279557;;2.3640090398;;
Male;178.8788155452;70.4247305296;197.9075211498;;13.8460833415;;
Male;183.0837109124;72.0802011466;202.8672366689;;62.8203335684;;
Male;182.1462569547;71.7111247853;199.0807789874;;48.8387684764;;
Male;166.9520711536;65.7291618715;156.2239584659;;67.3337065991;;
Male;162.301779026;63.8983381992;168.2995379774;;165.2768376995;;
Male;178.6026646685;70.316009712;201.5106880974;;11.8672098387;;
Male;167.1033736737;65.7887297928;174.5848799395;;64.8735092942;;
Male;177.3617590304;69.8274641852;196.9307920286;;4.857510425;;
Male;173.5611212332;68.3311500918;197.7567703194;;2.5493287379;;
Male;172.0636367379;67.7415892669;165.6432833052;;9.5737409754;;
Male;190.5860791794;75.0338894407;232.886117052;;238.0323235756;;
Male;186.4463086436;73.4040585211;192.732404677;;127.4308116283;;
Male;176.6690951737;69.5547618794;192.1816687371;;2.2840645428;;
Male;163.9291610514;64.539039784;157.1292771983;;126.0819504455;;
Male;171.5687741366;67.5467614711;163.4952025668;;12.8809844874;;
Male;185.6650540816;73.0964779849;205.1575779907;;110.4027459762;;
Male;169.0471119247;66.5539810727;171.4285918857;;37.3403007625;;
Male;187.9386746398;73.9916041889;208.9645835613;;163.3511915865;;
Male;179.9912276704;70.8626880592;209.7591140324;;23.3621875623;;
Male;181.7845835896;71.5687336967;206.2604577598;;43.9144863024;;
Male;167.2295134814;65.8383911344;177.2116965981;;62.8574572634;;
Male;178.499855503;70.2755336626;211.7162538109;;11.1694487403;;
Male;156.9047458683;61.7735219954;149.5148391703;;333.173363848;;
Male;190.0553610811;74.8249453075;220.3363668867;;221.9378332382;;
Male;181.8770704527;71.6051458475;192.4279136134;;45.1488241226;;
Male;170.8406630861;67.2601035772;163.386512747;;18.6375241896;;
Male;180.1474538586;70.9241944325;199.7783726399;;24.8968154633;;
Male;190.6515583669;75.0596686484;218.583687985;;240.0570757005;;
Male;185.6762256554;73.1008762423;223.206451566;;110.6376362892;;
Male;179.4814597582;70.6619920308;217.9518826059;;18.6941808714;;
Male;170.5474550675;67.1446673494;171.2077788986;;21.255123473;;
Male;170.4928097114;67.1231534297;147.5379561553;;21.7619756085;;
Male;176.593357665;69.5249439626;170.0371862512;;2.0608746725;;
Male;165.670716825;65.2246916634;160.8360744526;;90.0044242533;;
Male;173.7625755643;68.4104628206;185.1277354696;;1.9466037364;;
Male;174.6591977883;68.7634636962;177.0833881751;;0.2485871946;;
Male;172.5596467838;67.9368688125;188.8840968188;;6.750311701;;
Male;175.8640848756;69.2378286912;159.2448861809;;0.498862366;;
Male;173.902938752;68.4657239181;188.0792760462;;1.5746340399;;
Male;166.8635057361;65.6942935969;150.9606195705;;68.7950350198;;
Male;176.3547350379;69.4309980464;172.3258811785;;1.4326942257;;
Male;167.9838941982;66.1353914166;166.3638186925;;51.4646802728;;
Male;180.0277022507;70.8770481302;186.3398243708;;23.7161136906;;
Male;167.5715850987;65.9730649995;187.658379143;;57.5503983135;;
Male;164.945353166;64.9391154197;163.8801985253;;104.2937227317;;
Male;173.6562524358;68.3686033212;196.9495063689;;2.2545939789;;
Male;176.594900318;69.5255513063;189.7073987808;;2.0653062394;;
Male;168.7972294351;66.4556021398;188.9748473089;;40.4566414142;;
Male;176.4654376747;69.4745817617;177.343917682;;1.7099607972;;
Male;174.5744507061;68.7300987032;184.130431971;;0.3402765433;;
Male;187.4044371795;73.7812744801;221.2400957627;;149.9805390492;;
Male;194.3147836851;76.5018833406;217.8823463949;;366.9906759663;;
Male;180.9132828892;71.2257019249;199.1827629525;;33.1257791904;;
Male;163.8457745384;64.5062104482;164.5003666207;;127.9615350116;;
Male;168.9196899473;66.5038149399;163.2698893158;;38.9138047003;;
Male;175.7944491226;69.2104130404;187.6248203391;;0.4053437755;;
Male;161.4077790868;63.5463697192;150.3466584567;;189.0626070996;;
Male;177.1170662196;69.7311284329;202.7071023728;;3.8387908078;;
Male;174.2648494991;68.6082084642;181.7248365282;;0.7973302037;;
Male;181.5188908297;71.4641302479;206.5908566931;;40.4636930585;;
Male;176.5540995238;69.5094880015;203.9854154876;;1.9496998869;;
Male;187.3494747847;73.759635742;231.6086709422;;148.6373490286;;
Male;173.4255783773;68.2777867627;195.1899301564;;3.0005327903;;
Male;184.0347688934;72.4546334226;200.2900044741;;78.8008788837;;
Male;179.7537509068;70.7691932704;195.3530574972;;21.1229211724;;
Male;178.948437492;70.4521407449;188.0988373004;;14.3690616198;;
Male;175.0164110876;68.9040988534;194.6597697745;;0.0199860123;;
Male;175.8656050547;69.2384271869;197.4120913552;;0.5010120876;;
Male;170.8857321011;67.2778472839;156.4163421923;;18.250418723;;
Male;181.5179623167;71.4637646916;207.7685349749;;40.451881178;;
Male;174.8552091223;68.8406335127;171.9211499334;;0.0915509402;;
Male;181.3711503728;71.4059647137;216.9232911918;;38.6059343417;;
Male;178.1679801462;70.1448740733;190.5853767533;;9.0612869715;;
Male;179.5264152253;70.6796910336;206.1198391855;;19.0849476837;;
Male;174.0944347787;68.5411160546;201.1088922948;;1.1307094;;
Male;181.4442063567;71.4347269121;206.5940587503;;39.5191188552;;
Male;165.6608840228;65.2208204814;158.9871860848;;90.1910898288;;
Male;179.7638046025;70.7731514183;208.2235661399;;21.2154351748;;
Male;177.1906407653;69.7600947895;187.8120618663;;4.1325107701;;
Male;162.4648279389;63.9625306846;168.3494567985;;161.1111077088;;
Male;178.5725747033;70.304163269;196.8350516622;;11.6608025044;;
Male;178.6047970231;70.3168492217;205.5218857952;;11.8819058045;;
Male;171.2097360099;67.4054078779;164.5743912918;;15.5870748886;;
Male;170.4886177564;67.1215030537;167.1915271962;;21.8011038974;;
Male;173.6790529127;68.3775798869;168.9973239208;;2.1866426157;;
Male;176.7287269902;69.5782389725;184.2198181546;;2.4678650789;;
Male;158.8319233414;62.532253284;168.1533262199;;266.533692983;;
Male;176.1155266758;69.3368215259;184.1194152872;;0.9172729843;;
Male;169.6401668882;66.7874672788;172.1754663127;;30.4440873514;;
Male;191.493882265;75.3912922303;218.6046972889;;266.8681398057;;
Male;178.3426178739;70.2136290842;189.6582737752;;10.1431732929;;
Male;180.6030515844;71.1035636159;196.7599362038;;29.6509501598;;
Male;177.2764752452;69.7938878918;181.7231931809;;4.488856909;;
Male;168.8384849294;66.4718444604;175.3891517608;;39.9335278685;;
Male;179.6128337838;70.7137140881;208.7104385852;;19.8474776526;;
Male;161.5915419067;63.6187172861;162.6749751833;;184.0428968943;;
Male;179.1951704822;70.5492797174;191.3188108345;;16.3004978324;;
Male;171.203165579;67.4028210941;192.6726758241;;15.6389987985;;
Male;181.4453442544;71.4351749033;213.3377733088;;39.5334267628;;
Male;174.2272490454;68.593405136;187.402530931;;0.8658934058;;
Male;181.4889093997;71.4523265353;203.4482730046;;40.0831617253;;
Male;179.5749264659;70.6987899472;189.9854788288;;19.5111565634;;
Male;181.3343197914;71.3914644848;197.3070585829;;38.1496069664;;
Male;179.0335336406;70.4856431656;193.3599469935;;15.0214431733;;
Male;188.9967971535;74.4081878557;226.7010229323;;191.5183132577;;
Male;161.0370750017;63.400423229;185.1881380406;;199.3943938463;;
Male;173.7352865618;68.3997191188;171.329108454;;2.0234960636;;
Male;171.2718296185;67.4298541805;175.1243663317;;15.1006335381;;
Male;179.8624799114;70.8119999651;196.2211134901;;22.1341732037;;
Male;170.4600883568;67.1102710066;194.7523536981;;22.0683347854;;
Male;172.0296785465;67.7282199002;184.4684504017;;9.785037355;;
Male;174.1191137507;68.5508321853;179.5567898919;;1.0788337707;;
Male;174.2934918304;68.6194849726;192.6056385652;;0.7469991935;;
Male;179.3386329657;70.6057610101;197.3412471763;;17.4795065917;;
Male;170.4004242973;67.0867812194;164.175700819;;22.6324616485;;
Male;165.8917387902;65.3117081851;167.3277027577;;85.8595749523;;
Male;177.6073327498;69.9241467519;185.8665842886;;6.0002940685;;
Male;173.6461726069;68.3646348846;193.9817476114;;2.284965924;;
Male;180.0093045054;70.8698049234;205.8639345184;;23.5372610992;;
Male;193.0712420312;76.0123000123;235.4379660814;;320.892015134;;
Male;172.6335582257;67.9659678054;176.9667278792;;6.3717106167;;
Male;177.2033221032;69.7650874422;199.0264276238;;4.1842302992;;
Male;176.7044278584;69.5686723852;200.70405166;;2.3921103759;;
Male;181.762447606;71.5600187425;213.9785965807;;43.6215948041;;
Male;180.2334451471;70.9580492705;201.6633373213;;25.762346421;;
Male;166.2199426704;65.4409223112;144.1320268509;;79.8849894223;;
Male;180.2793562747;70.9761245176;202.6031880305;;26.2305129997;;
Male;172.7018421547;67.992851242;183.9580891534;;6.0316453439;;
Male;179.1170283301;70.5185150906;199.5684410283;;15.6756237322;;
Male;175.5373462533;69.1091914383;176.0454070115;;0.1440682774;;
Male;181.8781556732;71.6055730997;194.9325685265;;45.1634091185;;
Male;177.5194787978;69.8895585818;203.518326493;;5.5776071295;;
Male;168.8005228885;66.456898775;166.6846487515;;40.4147558875;;
Male;178.5400396284;70.2913541844;207.5085426116;;11.4396600267;;
Male;159.0547116141;62.6199652024;152.8529747188;;259.3089074573;;
Male;169.219071853;66.6216818319;146.2308047424;;35.2682898651;;
Male;165.9897319691;65.3502881768;156.7613371388;;84.0531593628;;
Male;181.8811193178;71.6067398889;209.9649431852;;45.2032514938;;
Male;176.3088026492;69.4129144288;183.9021104391;;1.3248462758;;
Male;177.5302865262;69.893813593;200.7968544761;;5.6287730707;;
Male;166.7915347528;65.6659585641;164.2156391836;;69.9941094206;;
Male;163.597014058;64.4082732512;154.6410416088;;133.6513780968;;
Male;174.3122900204;68.6268858348;189.4492404664;;0.7148583469;;
Male;176.7847179165;69.6002826443;176.5948885605;;2.6469172834;;
Male;171.3312073567;67.4532312428;173.27221779;;14.6426810107;;
Male;173.1517862789;68.169994598;185.253109882;;4.02402277;;
Male;176.6661796517;69.5536140361;203.8110909428;;2.2752605153;;
Male;166.9981368893;65.7472979879;182.0516903297;;66.5798243472;;
Male;185.7308786035;73.122393151;201.7037780192;;111.790351037;;
Male;169.2171520481;66.6209260032;177.8426553422;;35.2910958842;;
Male;175.630608826;69.1459089866;202.6281960936;;0.2235642794;;
Male;167.5531194212;65.9657950477;186.2254307251;;57.830907863;;
Male;170.6962966974;67.2032664163;185.4540072296;;19.9048598614;;
Male;166.2530512141;65.4539571709;175.8444850448;;79.294247846;;
Male;185.4964337483;73.0300920269;209.5878005076;;106.8876996825;;
Male;173.5258020518;68.3172449023;179.3708560177;;2.6633617541;;
Male;168.4890749064;66.3342814592;165.3682764693;;44.4716673887;;
Male;183.7994380438;72.3619834818;198.2629703271;;74.6782022187;;
Male;172.0022658246;67.71742749;184.9318041997;;9.9572885262;;
Male;179.0130819063;70.4775913017;200.2479961911;;14.8633298012;;
Male;180.7539987844;71.1629916474;199.4439889864;;31.3176313148;;
Male;176.1611400865;69.3547795616;202.3322157312;;1.0067254805;;
Male;178.0469836183;70.097237645;201.9937280236;;8.3474803208;;
Male;176.0151209081;69.2972916961;197.3587607107;;0.7350283207;;
Male;160.8073219836;63.3099692849;157.0035436658;;205.9357308452;;
Male;172.4335639183;67.8872298891;183.3433272424;;7.4213695031;;
Male;185.9355435485;73.202969901;203.023116064;;116.1601228448;;
Male;185.7785339504;73.1411550986;193.9260341925;;112.8003511486;;
Male;180.0757956653;70.8959825454;195.601365349;;24.1868487601;;
Male;183.2424393701;72.1426926654;214.8539252715;;65.3616689252;;
Male;183.2172557835;72.1327778675;184.1471888344;;64.9551018486;;
Male;180.8648116075;71.2066187431;193.7432599811;;32.57017574;;
Male;168.280462299;66.2521505114;170.1094996284;;47.2975397678;;
Male;183.7476354867;72.3415887743;205.6996211164;;73.7855660649;;
Male;172.895062164;68.0689221118;166.2635001153;;5.1199054972;;
Male;181.3491646408;71.3973089137;198.4067338067;;38.3332068536;;
Male;166.9441214012;65.7260320477;169.6752602958;;67.4642365531;;
Male;170.4605364478;67.1104474204;160.0502852512;;22.0641249963;;
Male;183.4261886653;72.2150349076;204.93776015;;68.3665325553;;
Male;160.0448490354;63.0097830848;147.901820044;;228.4007724534;;
Male;176.7056542385;69.569155212;180.9498233601;;2.3959054288;;
Male;178.8261642664;70.4040016797;217.8372447621;;13.4570212532;;
Male;172.7967476164;68.030215597;189.3616397926;;5.5744879944;;
Male;177.235892208;69.7779103181;176.09028934;;4.318537958;;
Male;157.6797333729;62.0786351862;130.2772748508;;305.482218112;;
Male;167.2194259869;65.8344196799;159.3191150733;;63.0175117698;;
Male;179.7835775396;70.7809360392;191.9681778747;;21.3979752953;;
Male;176.7114327321;69.5714302095;182.1541391592;;2.4138275483;;
Male;171.0107446238;67.3270648125;188.351725669;;17.197927139;;
Male;172.2490887831;67.8146018831;191.7600017925;;8.4605019388;;
Male;169.3728966282;66.682242767;162.7669683305;;33.4649101185;;
Male;176.8848602227;69.6397087491;197.596213071;;2.9827957978;;
Male;164.5265630054;64.7742374037;182.5898440942;;113.022838176;;
Male;187.8658703295;73.9629410746;200.0071608517;;161.4954840491;;
Male;172.5507949447;67.9333838365;184.4095200024;;6.7963866229;;
Male;169.5959002546;66.7700394703;165.4897680018;;30.934539466;;
Male;175.0983482423;68.9363575757;176.6521792259;;0.0035324882;;
Male;194.1437791328;76.4345587137;228.8729906377;;360.4680498647;;
Male;175.2502092352;68.9961453682;180.3509243905;;0.0085426124;;
Male;186.6946726445;73.5018396238;225.9722183218;;133.0998230997;;
Male;176.7918826424;69.6031034025;189.8166449003;;2.6702817022;;
Male;183.0511451637;72.0673799857;202.2620741387;;62.3051665422;;
Male;179.0426303227;70.4892245365;178.9187142087;;15.0920388661;;
Male;170.2685204254;67.0348505612;167.0442331155;;23.9048883401;;
Male;168.1076355806;66.1841084963;172.6376115367;;49.7045783716;;
Male;174.4832921343;68.6942095017;179.9625087901;;0.4549379027;;
Male;169.299213709;66.6532337437;160.1474361279;;34.3228339184;;
Male;177.3901889789;69.8386570783;178.3924825582;;4.983636538;;
Male;168.26246461;66.2450648071;154.5886895859;;47.5454154411;;
Male;184.9400202876;72.8110316093;208.8488464954;;95.6921667172;;
Male;163.7658572705;64.4747469569;169.4306342722;;129.7759713998;;
Male;177.1763774863;69.7544793253;181.6410488845;;4.0747237755;;
Male;179.4800687486;70.6614443892;203.8447915764;;18.6821542539;;
Male;184.0753709745;72.4706184939;184.4463253035;;79.5233756166;;
Male;173.1556934278;68.1715328456;199.7018114792;;4.0083625801;;
Male;185.387415421;72.9871714256;206.6293992124;;104.6453798519;;
Male;179.1552545166;70.5335647703;196.5843459365;;15.9797786752;;
Male;177.9192608019;70.0469530716;190.0024051913;;7.6257597535;;
Male;175.3008105935;69.0160671628;196.7639075496;;0.0204568979;;
Male;186.8148721612;73.5491622682;222.2974921206;;135.8877281488;;
Male;173.0199684819;68.1180978275;180.0656094066;;4.5702508341;;
Male;173.4505980643;68.2876370332;178.4325977365;;2.9144803407;;
Male;181.6787011453;71.527047695;202.7487397115;;42.5223737016;;
Male;186.4272190379;73.3965429283;220.9457607436;;127.0001890334;;
Male;177.4051927746;69.8445640845;198.6302781941;;5.0508507792;;
Male;178.1859933344;70.1519658797;203.734480758;;9.1700579429;;
Male;168.4013037182;66.2997258733;150.1493612771;;45.6500120329;;
Male;194.2920522569;76.4929339594;227.1392959745;;366.1202607103;;
Male;180.4222584009;71.0323851972;186.762487512;;27.7147014434;;
Male;169.2428439795;66.6310409368;170.4211493321;;34.9865033953;;
Male;167.8318635106;66.0755368152;182.4280025316;;53.6690960911;;
Male;179.3574325328;70.6131624145;187.4720235429;;17.6370563557;;
Male;165.6168409386;65.2034806845;158.6645552169;;91.0295750616;;
Male;169.8291276692;66.8618612871;175.7972754354;;28.3945674348;;
Male;187.3453156787;73.7579982987;220.7702320066;;148.5359532501;;
Male;177.5411386236;69.8980860723;195.7589354637;;5.6803841179;;
Male;176.5993920858;69.5273197188;189.0273678508;;2.07823681;;
Male;169.5309727738;66.74447747;154.1268504293;;31.6609931112;;
Male;175.4492097605;69.0744920317;179.3868167223;;0.0849295676;;
Male;174.1468468524;68.5617507293;172.1953636877;;1.0219918567;;
Male;178.6192770325;70.3225500128;190.4617767582;;11.9819410666;;
Male;182.7507658696;71.9491204211;208.0889465132;;57.6533891419;;
Male;180.128041553;70.9165517925;191.8832670183;;24.7034702691;;
Male;178.7426533174;70.3711233533;197.3824156613;;12.8512953265;;
Male;172.2030519661;67.796477152;189.6831513198;;8.7304353723;;
Male;174.4979889002;68.69999563;208.068199265;;0.4353282295;;
Male;175.5511647621;69.1146317961;188.7172725525;;0.1547492255;;
Male;171.9506432598;67.6971036456;187.4238964211;;10.2857451931;;
Male;181.0520387865;71.2803302309;217.9035993666;;34.742251497;;
Male;181.4260409915;71.4275751935;201.8428086644;;39.2910584823;;
Male;180.4501250548;71.0433563208;204.6277276591;;28.0088846233;;
Male;164.4046900871;64.7262559398;143.3475654982;;115.6290067915;;
Male;170.5563249702;67.1481594371;182.0312480366;;21.1734158276;;
Male;183.620910445;72.2916970256;202.1043716342;;71.6245264672;;
Male;178.4168800721;70.2428661701;192.7961125626;;10.621713847;;
Male;163.722958937;64.4578578492;158.9166992855;;130.7552009248;;
Male;189.1410709028;74.4649885444;213.4821025705;;195.5323410949;;
Male;165.8592444797;65.2989151495;162.818275469;;86.4628182652;;
Male;184.7837963296;72.749526114;212.1807188128;;92.6601329809;;
Male;166.9241740352;65.718178754;155.175542787;;67.792316278;;
Male;174.9808411456;68.8900949392;194.6814346432;;0.0313084132;;
Male;185.5175578793;73.0384086139;209.4753880836;;107.3249359374;;
Male;177.4462958159;69.8607463842;198.3218281212;;5.237290994;;
Male;177.4474402588;69.8611969523;179.6624964618;;5.2425304486;;
Male;182.2845266238;71.7655616629;192.6903831515;;50.7904749454;;
Male;169.7249485502;66.8208458859;179.8015682316;;29.5156899559;;
Male;172.1807423188;67.7876938263;190.5067956463;;8.8627711062;;
Male;175.896813178;69.2507138496;196.1411444822;;0.5461656316;;
Male;175.0813671553;68.9296721084;180.8264574323;;0.0058393785;;
Male;175.2526590335;68.9971098557;186.6353129967;;0.0090014653;;
Male;168.5899471313;66.3739949336;167.7843910286;;43.136467752;;
Male;168.5963590906;66.376519327;179.4688864317;;43.0522834737;;
Male;175.3986071818;69.0545697566;181.3603512423;;0.0579962955;;
Male;166.7953875279;65.6674754047;161.4222109296;;69.9296577184;;
Male;159.3923089051;62.7528775217;149.7597060165;;248.5501728468;;
Male;169.108086233;66.5779867059;161.2018905948;;36.5988307466;;
Male;170.8713134751;67.2721706595;187.3633658482;;18.3738208273;;
Male;177.3848411958;69.8365516519;176.0116732678;;4.9597882909;;
Male;188.509734599;74.2164309445;238.5694508765;;178.2746120022;;
Male;180.925542547;71.2305285618;209.032876811;;33.2670504074;;
Male;179.7376774216;70.7628651266;194.7965672531;;20.975433084;;
Male;172.4125428499;67.8789538779;163.7244326241;;7.5363433792;;
Male;170.4708977946;67.1145266908;182.5124511209;;21.966892753;;
Male;169.0111230431;66.5398122217;175.0932546894;;37.7814283957;;
Male;170.4116953865;67.0912186561;180.8807246068;;22.5253474576;;
Male;174.9892808389;68.8934176531;172.6542378643;;0.028392972;;
Male;182.5820497247;71.882696742;207.5756135817;;55.1197366769;;
Male;179.1509653085;70.5318761057;194.0094729848;;15.9455050981;;
Male;175.7885948153;69.208108195;187.8671025462;;0.3979235699;;
Male;169.8110338741;66.8547377457;161.2239648041;;28.5877260156;;
Male;195.988434272;77.1608008945;228.70730085;;433.916033196;;
Male;173.2242847842;68.1985373166;176.4568283766;;3.7384152783;;
Male;169.6613144537;66.795793092;186.9938986067;;30.2111662751;;
Male;188.1383237673;74.0702062076;218.423584474;;168.4944390971;;
Male;177.0170273348;69.6917430452;184.6189529088;;3.4567895661;;
Male;179.0262038229;70.4827574106;199.3592239999;;14.9646798079;;
Male;168.1555275669;66.202963609;164.6344636702;;49.0315808891;;
Male;182.5190352843;71.8578879072;193.4299897635;;54.1880354682;;
Male;167.5770262448;65.975207183;171.0768314401;;57.4678726977;;
Male;184.5994811689;72.6769610901;217.5614153687;;89.1456646649;;
Male;177.3225351345;69.8120217065;188.0649839386;;4.6861518848;;
Male;175.3695907915;69.0431459809;178.1848174644;;0.0448625485;;
Male;162.1807231208;63.850678394;151.9966614851;;168.404082624;;
Male;164.870854501;64.9097852366;145.1761358727;;105.8208975595;;
Male;165.2154277824;65.0454440088;147.6602601393;;98.850426902;;
Male;174.9409663333;68.8743961942;183.4385391534;;0.0470094589;;
Male;177.754837528;69.9822194992;178.3484391177;;6.7446923184;;
Male;159.2816314226;62.7093037097;152.8204681052;;252.0521883136;;
Male;169.9855293653;66.923436758;173.6342570942;;26.752207468;;
Male;170.8633716881;67.2690439717;180.0356726975;;18.441968355;;
Male;183.1912148498;72.1225255314;200.3368055943;;64.5360275851;;
Male;176.8129642677;69.611403255;170.2961967468;;2.7396250908;;
Male;165.5691402111;65.1847008705;166.7385547048;;91.9420701751;;
Male;188.1638983664;74.0802749474;194.7788543308;;169.1590374104;;
Male;155.2494447276;61.1218286329;152.7911300866;;396.3419320251;;
Male;173.5364902819;68.3214528669;206.4261469415;;2.628590017;;
Male;162.4404381345;63.9529283994;164.7714753522;;161.730859953;;
Male;174.196688737;68.5813735185;181.1670609504;;0.9237021464;;
Male;164.9118087673;64.9259089635;185.0018541784;;104.9799875942;;
Male;176.9357739515;69.6597535242;209.5204245996;;3.16125189;;
Male;180.6467134404;71.120753323;197.3454360265;;30.1283575851;;
Male;159.5226443922;62.8041907056;148.6050423612;;244.4575586996;;
Male;179.8606047414;70.8112617092;201.2242771336;;22.116532507;;
Male;176.6557568465;69.5495105695;199.1938147547;;2.2439257009;;
Male;170.2621593368;67.0323461956;188.4596891315;;23.9671308684;;
Male;171.1879590057;67.3968342542;178.300196635;;15.7595023975;;
Male;176.2044820618;69.3718433314;173.4301696088;;1.095578965;;
Male;189.3446478286;74.5451369404;218.4375679081;;201.267134196;;
Male;169.0535734624;66.5565249852;173.3868302103;;37.2613738505;;
Male;170.840280174;67.2599528244;186.3207971935;;18.6408304913;;
Male;167.6449980218;66.0019677251;165.1677227817;;56.4419378484;;
Male;170.9001088577;67.2835074243;203.1357595606;;18.1277889426;;
Male;172.5285694367;67.9246336365;161.6708278442;;6.9127638631;;
Male;167.7863898698;66.057633807;164.4705038792;;54.3374364046;;
Male;167.2452343786;65.844580464;170.7923569046;;62.6084253907;;
Male;175.3388996433;69.0310628517;170.3101221862;;0.0328032453;;
Male;178.6308756844;70.3271164112;192.4971608696;;12.0623729247;;
Male;168.9971385285;66.5343065073;166.3712579981;;37.9535400733;;
Male;181.5380542419;71.4716748984;196.5409599911;;40.7078613593;;
Male;177.9192041464;70.0469307663;183.6196207779;;7.6254468511;;
Male;174.2585048295;68.6057105628;187.2913918632;;0.8087011943;;
Male;175.2152470532;68.9823807296;178.2824094867;;0.0033021196;;
Male;187.4237676569;73.7888849043;222.3975605238;;150.4543800626;;
Male;175.4449394752;69.072810817;190.5879129578;;0.082458852;;
Male;185.8973907432;73.1879491115;204.1038169624;;115.3391748797;;
Male;174.4405563902;68.6773844056;192.1962460872;;0.5144139829;;
Male;164.9027340905;64.9223362561;179.4090918623;;105.1660277528;;
Male;167.9225220164;66.1112291403;192.765580966;;52.3490012308;;
Male;172.0824342254;67.7489898525;169.7402720902;;9.4577699707;;
Male;182.4073150345;71.8139035569;192.8164416794;;52.5557149908;;
Male;175.7564206998;69.1954412204;185.7291961337;;0.358367118;;
Male;171.2142160095;67.4071716573;188.5940922367;;15.5517204607;;
Male;177.4866488586;69.8766334089;179.6809303235;;5.4236162745;;
Male;163.4913588805;64.3666767246;162.495082455;;136.1054513001;;
Male;171.4318487975;67.4928538573;183.3837801732;;13.8825855417;;
Male;185.7309803422;73.1224332056;221.4459020767;;111.7925024331;;
Male;171.8384815164;67.6529454789;188.8898645423;;11.0177622148;;
Male;174.0862707;68.5379018504;191.8229142724;;1.1481385689;;
Male;179.6408853777;70.7247580227;214.261518198;;20.0982070962;;
Male;173.3045817935;68.2301503124;182.3828221513;;3.4343546425;;
Male;171.9506934652;67.6971234115;163.9398785802;;10.2854231642;;
Male;187.2405265926;73.716742753;198.4622268954;;145.9926931769;;
Male;174.9004813373;68.8584572194;187.395085781;;0.066204136;;
Male;168.8433655534;66.4737659659;175.9473678043;;39.8718674539;;
Male;177.7295945556;69.9722813211;188.6259111601;;6.6142147737;;
Male;171.5927053882;67.5561832237;200.7796910315;;12.7097782448;;
Male;188.6509273832;74.2720186548;209.9374928063;;182.0649458503;;
Male;183.1184043487;72.0938599798;201.8626584162;;63.371492555;;
Male;176.7072403509;69.5697796657;182.79484421;;2.4008181401;;
Male;181.8997872073;71.6140894517;206.1634325037;;45.4546209836;;
Male;170.5319160147;67.1385496121;171.8769663505;;21.3986451924;;
Male;173.775754192;68.4156512567;171.3212162792;;1.9100035744;;
Male;198.3635033779;78.0958674716;255.6908348368;;538.5054591235;;
Male;174.3522740989;68.642627598;178.8167945614;;0.6488445596;;
Male;177.8681784092;70.0268418934;186.3587021941;;7.3462433758;;
Male;188.7872196001;74.3256770079;220.8457274502;;185.761542545;;
Male;183.4683560542;72.2316362418;202.1371600789;;69.0656247995;;
Male;171.8733268046;67.6666640963;193.0816469162;;10.7876523766;;
